Line,Guest,Arrival,Departure,Room Type,Rooms,Adults,Children,Shares With,Email,Gender,Fax
1,"Okafor, Ada",11/10/2026,11/12/2026,KING,1,1,0,,ada.okafor@example.com,F,555-0100
2,,11/10/2026,11/12/2026,KING,1,1,0,,,,
3,"Lindqvist, Jonas",TBD,11/12/2026,QQ,1,1,0,,,,
4,"Marchetti, Elena",11/12/2026,11/10/2026,QQ,1,1,0,,,,
5,"Tanaka, Hiro",11/05/2026,11/08/2026,KING,1,1,0,,,,
6,"Novak, Petra",11/10/2026,11/12/2026,SUITE,1,1,0,,,,
7,"Silva, Bruno",11/10/2026,11/12/2026,KING,0,1,0,,,,
8,"Kowalski, Anna",11/10/2026,11/12/2026,KING,1,0,0,,,,
9,"Dubois, Claire",11/10/2026,11/12/2026,QQ,1,1,0,,not-an-email,,
1,"Moreau, Luc",11/10/2026,11/12/2026,QQ,1,1,0,,,,
11,"Rossi, Marco",11/10/2026,11/12/2026,QQ,1,1,0,99,,,
12,"Berg, Ingrid",11/10/2026,11/12/2026,QQ,1,1,0,12,,,
13,"Chen, Li",11/10/2026,11/12/2026,KING,1,1,0,,,,
14,"Chen, Wei",11/10/2026,11/12/2026,KING,1,1,0,13,,,
15,"Chen, Mei",11/10/2026,11/12/2026,KING,1,1,0,14,,,
16,"Adeyemi, Tunde",11/10/2026,11/12/2026,KING,1,2,0,,,,
17,"Adeyemi, Funmi",11/10/2026,11/12/2026,KING,1,2,0,16,,,
x1,"Ivanova, Olga",11/10/2026,11/12/2026,QQ,1,1,0,,,,
19,"xxxxxxxxxxxxxxxxxxxxxxxxxxxxxxxxxxxxxxxxxxxxxxxxxxxxxxxxxxxxxxxxxxxxxxxxxxxxxxxxx, Ada",11/10/2026,11/12/2026,QQ,1,1,0,,,,
20,"Sato, Yuki",11/09/2026,11/11/2026,QQ,1,1,0,,,,
21,"Okafor, Ada",11/10/2026,11/12/2026,KING,1,1,0,,,,
22,"Garcia, Lucia",11/10/2026,11/12/2026,,1,1,0,,,,
23,"Haddad, Omar",11/10/2026,11/12/2026,QQ,1,1,0,,,,
24,"Haddad, Leila",11/10/2026,11/11/2026,QQ,1,1,0,23,,,
25,"Nguyen, Bao",11/10/2026,11/12/2026,KING,1,1,0,,,mixed,
