Line,Last Name,First Name,Email,Phone,Arrival,Departure,Room Type,Rooms,Adults,Children,Shares With
1,Reynolds-Miller,Amelia,amelia.reynoldsmiller@example.com,555-0186,2026-11-12,2026-11-14,KING,1,2,1,
2,Deckow,Jaclyn,jaclyn.deckow@example.com,555-0129,2026-11-12,2026-11-13,KING,1,1,0,
3,Larkin,Koby,koby.larkin@example.com,555-0117,2026-11-10,2026-11-14,QQ,1,1,0,
4,Boyle,Bryce,bryce.boyle@example.com,555-0149,2026-11-10,2026-11-14,QQ,1,1,0,3
5,Gerlach,Jerald,jerald.gerlach@example.com,555-0154,2026-11-10,2026-11-14,QQ,1,2,1,
6,Bogisich,Esther,esther.bogisich@example.com,555-0138,2026-11-11,2026-11-14,KING,1,1,1,
7,Blanda,Cullen,cullen.blanda@example.com,,2026-11-13,2026-11-14,QQ,1,2,1,
8,Buckridge,Erick,erick.buckridge@example.com,555-0106,2026-11-11,2026-11-12,QQ,1,2,1,
9,Ratke,Otto,otto.ratke@example.com,555-0149,2026-11-12,2026-11-13,KING,1,1,0,
10,Nienow,Stephany,stephany.nienow@example.com,555-0124,2026-11-12,2026-11-13,KING,1,1,0,9
11,Fay,Cara,,555-0192,2026-11-13,2026-11-14,QQ,1,2,1,
12,Lindgren,Floy,floy.lindgren@example.com,555-0111,2026-11-10,2026-11-12,QQ,1,2,0,
13,Fadel,Tressie,tressie.fadel@example.com,555-0132,2026-11-12,2026-11-14,KING,1,2,1,
14,Gutkowski,Liza,liza.gutkowski@example.com,,2026-11-10,2026-11-12,QQ,1,1,0,
15,Flatley-Osinski,Nels,nels.flatleyosinski@example.com,555-0136,2026-11-12,2026-11-14,QQ,1,1,0,
16,Hammes,Letha,letha.hammes@example.com,555-0167,2026-11-12,2026-11-14,QQ,1,1,0,15
17,Farrell,Maximus,maximus.farrell@example.com,555-0138,2026-11-13,2026-11-14,KING,1,1,0,
18,Gerlach,Josh,josh.gerlach@example.com,555-0152,2026-11-10,2026-11-11,QQ,1,2,1,
19,Reinger,Pat,pat.reinger@example.com,555-0164,2026-11-10,2026-11-11,QQ,1,2,0,
20,Abshire,Maritza,maritza.abshire@example.com,555-0165,2026-11-10,2026-11-13,KING,1,1,1,
21,Oberbrunner,Franz,franz.oberbrunner@example.com,,2026-11-10,2026-11-14,KING,1,2,1,
22,Mayer,Melba,,555-0128,2026-11-10,2026-11-13,KING,1,1,0,
23,Volkman-Hilpert,Jaycee,jaycee.volkmanhilpert@example.com,555-0196,2026-11-10,2026-11-13,KING,1,1,0,22
24,Grimes,Erma,erma.grimes@example.com,555-0116,2026-11-12,2026-11-14,QQ,1,2,0,
25,Connelly-Leannon,Micheal,micheal.connellyleannon@example.com,555-0170,2026-11-11,2026-11-12,QQ,1,2,1,
26,Kuvalis,Milton,milton.kuvalis@example.com,555-0179,2026-11-13,2026-11-14,KING,1,1,0,
27,Konopelski,Kendrick,kendrick.konopelski@example.com,555-0103,2026-11-10,2026-11-14,KING,1,1,1,
28,Mueller,Kelley,kelley.mueller@example.com,,2026-11-12,2026-11-14,QQ,1,1,0,
29,Schinner,Ann,ann.schinner@example.com,555-0102,2026-11-12,2026-11-14,QQ,1,1,0,28
30,Predovic,Camilla,camilla.predovic@example.com,555-0125,2026-11-12,2026-11-14,QQ,1,1,1,
31,Moore,Frederique,frederique.moore@example.com,555-0175,2026-11-10,2026-11-11,KING,1,1,1,
32,Boyle,Carrie,carrie.boyle@example.com,555-0143,2026-11-11,2026-11-13,QQ,1,1,0,
33,Stiedemann,Austen,,555-0164,2026-11-10,2026-11-13,QQ,1,2,0,
34,Lockman,Wallace,wallace.lockman@example.com,555-0190,2026-11-10,2026-11-11,KING,1,1,0,
35,Hamill,Reyes,reyes.hamill@example.com,,2026-11-10,2026-11-13,QQ,1,1,0,
36,Schneider,Mylene,mylene.schneider@example.com,555-0180,2026-11-10,2026-11-13,QQ,1,1,0,35
37,Hilpert,Trevion,trevion.hilpert@example.com,555-0185,2026-11-11,2026-11-14,QQ,1,1,1,
38,Hammes,Adolfo,adolfo.hammes@example.com,555-0190,2026-11-10,2026-11-12,QQ,1,2,1,
39,Greenholt,Myriam,myriam.greenholt@example.com,555-0179,2026-11-13,2026-11-14,KING,1,1,0,
40,Torphy,Bria,bria.torphy@example.com,555-0176,2026-11-12,2026-11-13,KING,1,2,0,
