TECH26 rooming list (synthetic);;;;;;;;

Guest Name;Check-In;Check Out;Room;# Adults;Kids;Roommate Line;E-mail;VIP Code
Reynolds-Miller, Amelia;2026-11-12;2026-11-14;KING;2;1;;amelia.reynoldsmiller@example.com;V1
Deckow, Jaclyn;2026-11-12;2026-11-13;KING;1;0;;jaclyn.deckow@example.com;
Larkin, Koby;2026-11-10;2026-11-14;QQ;1;0;;koby.larkin@example.com;
Boyle, Bryce;2026-11-10;2026-11-14;QQ;1;0;3;bryce.boyle@example.com;
Gerlach, Jerald;2026-11-10;2026-11-14;QQ;2;1;;jerald.gerlach@example.com;
Bogisich, Esther;2026-11-11;2026-11-14;KING;1;1;;esther.bogisich@example.com;V2
Blanda, Cullen;2026-11-13;2026-11-14;QQ;2;1;;cullen.blanda@example.com;
Buckridge, Erick;2026-11-11;2026-11-12;QQ;2;1;;erick.buckridge@example.com;
Ratke, Otto;2026-11-12;2026-11-13;KING;1;0;;otto.ratke@example.com;
Nienow, Stephany;2026-11-12;2026-11-13;KING;1;0;9;stephany.nienow@example.com;
Fay, Cara;2026-11-13;2026-11-14;QQ;2;1;;;V3
Lindgren, Floy;2026-11-10;2026-11-12;QQ;2;0;;floy.lindgren@example.com;
Fadel, Tressie;2026-11-12;2026-11-14;KING;2;1;;tressie.fadel@example.com;
Gutkowski, Liza;2026-11-10;2026-11-12;QQ;1;0;;liza.gutkowski@example.com;
Flatley-Osinski, Nels;2026-11-12;2026-11-14;QQ;1;0;;nels.flatleyosinski@example.com;
Hammes, Letha;2026-11-12;2026-11-14;QQ;1;0;15;letha.hammes@example.com;V4
Farrell, Maximus;2026-11-13;2026-11-14;KING;1;0;;maximus.farrell@example.com;
Gerlach, Josh;2026-11-10;2026-11-11;QQ;2;1;;josh.gerlach@example.com;
Reinger, Pat;2026-11-10;2026-11-11;QQ;2;0;;pat.reinger@example.com;
Abshire, Maritza;2026-11-10;2026-11-13;KING;1;1;;maritza.abshire@example.com;

Oberbrunner, Franz;2026-11-10;2026-11-14;KING;2;1;;franz.oberbrunner@example.com;V5
Mayer, Melba;2026-11-10;2026-11-13;KING;1;0;;;
Volkman-Hilpert, Jaycee;2026-11-10;2026-11-13;KING;1;0;22;jaycee.volkmanhilpert@example.com;
Grimes, Erma;2026-11-12;2026-11-14;QQ;2;0;;erma.grimes@example.com;
Connelly-Leannon, Micheal;2026-11-11;2026-11-12;QQ;2;1;;micheal.connellyleannon@example.com;
Kuvalis, Milton;2026-11-13;2026-11-14;KING;1;0;;milton.kuvalis@example.com;V6
Konopelski, Kendrick;2026-11-10;2026-11-14;KING;1;1;;kendrick.konopelski@example.com;
Mueller, Kelley;2026-11-12;2026-11-14;QQ;1;0;;kelley.mueller@example.com;
Schinner, Ann;2026-11-12;2026-11-14;QQ;1;0;28;ann.schinner@example.com;
Predovic, Camilla;2026-11-12;2026-11-14;QQ;1;1;;camilla.predovic@example.com;
Moore, Frederique;2026-11-10;2026-11-11;KING;1;1;;frederique.moore@example.com;V7
Boyle, Carrie;2026-11-11;2026-11-13;QQ;1;0;;carrie.boyle@example.com;
Stiedemann, Austen;2026-11-10;2026-11-13;QQ;2;0;;;
Lockman, Wallace;2026-11-10;2026-11-11;KING;1;0;;wallace.lockman@example.com;
Hamill, Reyes;2026-11-10;2026-11-13;QQ;1;0;;reyes.hamill@example.com;
Schneider, Mylene;2026-11-10;2026-11-13;QQ;1;0;35;mylene.schneider@example.com;V8
Hilpert, Trevion;2026-11-11;2026-11-14;QQ;1;1;;trevion.hilpert@example.com;
Hammes, Adolfo;2026-11-10;2026-11-12;QQ;2;1;;adolfo.hammes@example.com;
Greenholt, Myriam;2026-11-13;2026-11-14;KING;1;0;;myriam.greenholt@example.com;
Torphy, Bria;2026-11-12;2026-11-13;KING;2;0;;bria.torphy@example.com;
